id,det_prob,start_time,end_time,high_freq,low_freq,class,class_prob,event
0,0.994,0.0105,0.0148,47705,34921,Barbastella barbastellus,0.994,Echolocation
1,0.994,0.0685,0.0731,40799,30625,Barbastella barbastellus,0.993,Echolocation
2,0.994,0.1795,0.1844,41881,30625,Barbastella barbastellus,0.993,Echolocation
3,0.965,0.2275,0.2324,46901,36640,Barbastella barbastellus,0.962,Echolocation
4,0.997,0.2855,0.2902,40136,30625,Barbastella barbastellus,0.997,Echolocation
5,0.98,0.3375,0.3418,46098,37500,Barbastella barbastellus,0.977,Echolocation
6,0.996,0.3935,0.3981,40439,29765,Barbastella barbastellus,0.995,Echolocation
7,0.996,0.4445,0.4495,45846,34921,Barbastella barbastellus,0.996,Echolocation
8,0.997,0.5045,0.5093,39387,29765,Barbastella barbastellus,0.996,Echolocation
9,0.997,0.6125,0.6176,40100,28906,Barbastella barbastellus,0.997,Echolocation
10,0.998,0.6665,0.6716,46555,34921,Barbastella barbastellus,0.997,Echolocation
11,0.997,0.7225,0.7275,40601,28906,Barbastella barbastellus,0.997,Echolocation
12,0.996,0.7725,0.7773,46444,38359,Barbastella barbastellus,0.995,Echolocation
13,0.998,0.8235,0.8288,40561,28906,Barbastella barbastellus,0.998,Echolocation
14,0.997,0.8745,0.8796,47806,34921,Barbastella barbastellus,0.997,Echolocation
15,0.997,0.9315,0.9364,39731,29765,Barbastella barbastellus,0.997,Echolocation
